{
  "run_id": "20250401_153021",
  "timestamp": "2025-04-01T15:30:21.353706",
  "file": "bestemmelser.pdf",
  "timings": {
    "text_extraction": 0.8732821941375732,
    "spacy_processing": 0.3638768196105957,
    "model_prediction": 12.775881052017212,
    "total_processing": 14.018783330917358
  },
  "resource_usage": {
    "memory_mb": -570.29296875,
    "cpu_percent": 0.0
  },
  "file_size_kb": 178.7080078125,
  "text_length": 7423,
  "sentence_count": 156,
  "field_count": 28
}