{
  "run_id": "20250409_122710",
  "timestamp": "2025-04-09T12:27:10.627610",
  "file": "bestemmelser.pdf",
  "timings": {
    "text_extraction": 1.2441389560699463,
    "spacy_processing": 0.7129242420196533,
    "model_prediction": 12.252150058746338,
    "total_processing": 14.219734191894531
  },
  "resource_usage": {
    "memory_mb": 560.15625,
    "cpu_percent": 0.0
  },
  "file_size_kb": 154.62109375,
  "text_length": 9090,
  "sentence_count": 120,
  "field_count": 21
}