{
  "run_id": "20250409_225231",
  "timestamp": "2025-04-09T22:52:31.597569",
  "file": "bestemmelser.pdf",
  "timings": {
    "text_extraction": 1.028144121170044,
    "spacy_processing": 0.577970027923584,
    "model_prediction": 11.389733791351318,
    "total_processing": 13.01543402671814
  },
  "resource_usage": {
    "memory_mb": 420.96875,
    "cpu_percent": 0.0
  },
  "file_size_kb": 154.62109375,
  "text_length": 9090,
  "sentence_count": 120,
  "field_count": 21
}