{
  "run_id": "20250409_233904",
  "timestamp": "2025-04-09T23:39:04.255562",
  "file": "bestemmelser.pdf",
  "timings": {
    "text_extraction": 0.8341341018676758,
    "spacy_processing": 0.37528014183044434,
    "model_prediction": 11.310369968414307,
    "total_processing": 12.529643058776855
  },
  "resource_usage": {
    "memory_mb": 409.546875,
    "cpu_percent": 0.0
  },
  "file_size_kb": 154.62109375,
  "text_length": 9090,
  "sentence_count": 120,
  "field_count": 21
}