{
  "run_id": "20250401_153652",
  "timestamp": "2025-04-01T15:36:52.899817",
  "file": "bestemmelser.pdf",
  "timings": {
    "text_extraction": 0.8220999240875244,
    "spacy_processing": 0.17222809791564941,
    "model_prediction": 9.856383085250854,
    "total_processing": 10.852867126464844
  },
  "resource_usage": {
    "memory_mb": 65.40625,
    "cpu_percent": 0.0
  },
  "file_size_kb": 178.7080078125,
  "text_length": 7423,
  "sentence_count": 156,
  "field_count": 28
}