{
  "run_id": "20250409_225951",
  "timestamp": "2025-04-09T22:59:51.724212",
  "file": "bestemmelser.pdf",
  "timings": {
    "text_extraction": 1.5394461154937744,
    "spacy_processing": 0.38277506828308105,
    "model_prediction": 11.763735055923462,
    "total_processing": 13.689908027648926
  },
  "resource_usage": {
    "memory_mb": 23.51171875,
    "cpu_percent": 0.0
  },
  "file_size_kb": 154.62109375,
  "text_length": 9090,
  "sentence_count": 120,
  "field_count": 21
}