{
  "run_id": "20250409_134625",
  "timestamp": "2025-04-09T13:46:25.865674",
  "file": "bestemmelser.pdf",
  "timings": {
    "text_extraction": 1.019766092300415,
    "spacy_processing": 0.4930741786956787,
    "model_prediction": 13.152293920516968,
    "total_processing": 14.680437088012695
  },
  "resource_usage": {
    "memory_mb": 419.5,
    "cpu_percent": 0.0
  },
  "file_size_kb": 154.62109375,
  "text_length": 9090,
  "sentence_count": 120,
  "field_count": 21
}