{
  "run_id": "20250409_230505",
  "timestamp": "2025-04-09T23:05:05.733806",
  "file": "bestemmelser.pdf",
  "timings": {
    "text_extraction": 1.6708259582519531,
    "spacy_processing": 0.22640705108642578,
    "model_prediction": 10.243162155151367,
    "total_processing": 12.14815616607666
  },
  "resource_usage": {
    "memory_mb": 161.47265625,
    "cpu_percent": 0.0
  },
  "file_size_kb": 154.62109375,
  "text_length": 9090,
  "sentence_count": 120,
  "field_count": 21
}