{
  "run_id": "20250409_232748",
  "timestamp": "2025-04-09T23:27:48.219238",
  "file": "bestemmelser.pdf",
  "timings": {
    "text_extraction": 1.4188292026519775,
    "spacy_processing": 0.2602510452270508,
    "model_prediction": 9.900166034698486,
    "total_processing": 11.582184314727783
  },
  "resource_usage": {
    "memory_mb": 165.0859375,
    "cpu_percent": 0.0
  },
  "file_size_kb": 154.62109375,
  "text_length": 9090,
  "sentence_count": 120,
  "field_count": 21
}