{
  "run_id": "20250409_232109",
  "timestamp": "2025-04-09T23:21:09.398338",
  "file": "bestemmelser.pdf",
  "timings": {
    "text_extraction": 0.8507237434387207,
    "spacy_processing": 0.3635132312774658,
    "model_prediction": 9.80520224571228,
    "total_processing": 11.031515836715698
  },
  "resource_usage": {
    "memory_mb": 406.48828125,
    "cpu_percent": 0.0
  },
  "file_size_kb": 154.62109375,
  "text_length": 9090,
  "sentence_count": 120,
  "field_count": 21
}