{
  "run_id": "20250401_145800",
  "timestamp": "2025-04-01T14:58:00.196382",
  "file": "bestemmelser.pdf",
  "timings": {
    "text_extraction": 0.8218791484832764,
    "spacy_processing": 0.3529672622680664,
    "model_prediction": 11.091482877731323,
    "total_processing": 12.269280672073364
  },
  "resource_usage": {
    "memory_mb": -574.0,
    "cpu_percent": 0.0
  },
  "file_size_kb": 178.7080078125,
  "text_length": 7423,
  "sentence_count": 156,
  "field_count": 28
}