{
  "case_id": "case1",
  "plankart": {
    "tp": 19,
    "fp": 9,
    "fn": 4,
    "tn": 0,
    "precision": 0.6785714285714286,
    "recall": 0.8260869565217391,
    "f1_score": 0.7450980392156863
  },
  "bestemmelser": {
    "tp": 13,
    "fp": 4,
    "fn": 4,
    "tn": 0,
    "precision": 0.7647058823529411,
    "recall": 0.7647058823529411,
    "f1_score": 0.7647058823529411
  },
  "sosi": {
    "tp": 0,
    "fp": 25,
    "fn": 0,
    "tn": 0,
    "precision": 0.0,
    "recall": 0,
    "f1_score": 0.0
  }
}