{
  "case_id": "case2",
  "plankart": {
    "tp": 8,
    "fp": 6,
    "fn": 16,
    "tn": 0,
    "precision": 0.5714285714285714,
    "recall": 0.3333333333333333,
    "f1_score": 0.42105263157894735
  },
  "bestemmelser": {
    "tp": 4,
    "fp": 3,
    "fn": 2,
    "tn": 0,
    "precision": 0.5714285714285714,
    "recall": 0.6666666666666666,
    "f1_score": 0.6153846153846154
  },
  "sosi": {
    "tp": 0,
    "fp": 62,
    "fn": 0,
    "tn": 0,
    "precision": 0.0,
    "recall": 0,
    "f1_score": 0.0
  }
}