{
  "case_id": "case2",
  "plankart": {
    "tp": 10,
    "fp": 5,
    "fn": 14,
    "tn": 0,
    "precision": 0.6666666666666666,
    "recall": 0.4166666666666667,
    "f1_score": 0.5128205128205128
  },
  "bestemmelser": {
    "tp": 4,
    "fp": 3,
    "fn": 2,
    "tn": 0,
    "precision": 0.5714285714285714,
    "recall": 0.6666666666666666,
    "f1_score": 0.6153846153846154
  },
  "sosi": {
    "tp": 62,
    "fp": 0,
    "fn": 0,
    "tn": 0,
    "precision": 1.0,
    "recall": 1.0,
    "f1_score": 1.0
  }
}